{
  "name": "lava-flow",
  "title": "Lava Flow",
  "description": "A module for importing Obsidian MD vaults into Foundry VTT as journal entries.",
  "version": "3.1.1",
  "authors": [
    {
      "name": "Chase Burke"
    }
  ],
  "compatibility": {
    "minimum": "11",
    "verified": "12"
  },
  "esmodules": ["src/index.js"],
  "styles": ["css/lava-flow.css"],
  "languages": [{ "lang": "en", "name": "English", "path": "lang/en.json" }],
  "url": "https://github.com/matt-duffy/lava-flow",
  "license": "https://github.com/matt-duffy/lava-flow/LICENSE",
  "manifest": "https://github.com/matt-duffy/lava-flow/releases/download/3.1.1/module.json",
  "download": "https://github.com/matt-duffy/lava-flow/releases/download/3.1.1/lava-flow.zip",
  "readme": "https://github.com/matt-duffy/lava-flow/lava-flow/README.md",
  "changelog": "https://github.com/matt-duffy/lava-flow/lava-flow/CHANGELOG.md"
}
